Date,Open,High,Low,Close,Volume,OpenInt,ticker,log_return,rsi_14,ema_50_200_ratio,macd_line,macd_hist,obv,vwap,bb_width,atr_14
2016-12-30,13.84,14.09,13.75,14.04,109092,0,INSW,0.013625165964317528,34.24467436920263,1.06279232432319,0.4906808826193849,-0.025377411124156257,653211.0,13.37415511787699,0.30656346507192817,0.6114357142857142
2017-01-03,14.14,14.85,14.14,14.39,317943,0,INSW,0.024623122301611445,37.49095427731894,1.066243843659872,0.50973578915786,-0.005058003668544919,971154.0,13.447789890637424,0.27985983736252656,0.6235785714285713
2017-01-04,14.45,15.01,14.45,14.8,337466,0,INSW,0.028093659870793,41.155827744822936,1.0704606665070693,0.5515624448315055,0.029414921604080435,1308620.0,13.535449924173813,0.20025624277238427,0.6093642857142855
2017-01-05,15.02,15.1,14.73,15.03,463463,0,INSW,0.01542102299481364,43.16877231737321,1.0749654218893545,0.5963945830962523,0.059397647895061745,1772083.0,13.655159325468645,0.17263560502290584,0.5640071428571426
2017-01-06,15.07,15.39,14.82,15.33,172777,0,INSW,0.019763489118839718,45.77439122427313,1.0799019270681107,0.6486545822142595,0.08932611761045517,1944860.0,13.70168841751604,0.16410200058847985,0.5640071428571426
2017-01-09,15.33,16.14,15.05,15.89,92202,0,INSW,0.03587828766490185,50.3504407123015,1.0858502354865098,0.7268793156290592,0.13404068082020382,2037062.0,13.733600228549351,0.1938237888513511,0.6068642857142855
2017-01-10,15.98,16.1799,15.6599,15.84,154126,0,INSW,-0.0031515941623448084,49.94516887737864,1.0913118825889445,0.775894370975367,0.14644458893320922,1882936.0,13.789935799567496,0.21822202509338642,0.6132928571428569
2017-01-11,15.9,16.095,15.21,15.75,120732,0,INSW,-0.005698021114637667,49.17786045503616,1.0962192421854775,0.7982748915917011,0.13506008763963462,1762204.0,13.827883174115554,0.2335557989185421,0.6393642857142854
2017-01-12,15.74,16.0,15.73,15.87,181702,0,INSW,0.007590169266675653,50.27478454146471,1.1010893942541309,0.8162849873270996,0.12245614670002647,1943906.0,13.88752780903788,0.25106823630506403,0.6072214285714282
2017-01-13,15.9,16.13,15.82,15.97,74073,0,INSW,0.0062814276886034946,51.21965427966236,1.1058736564040585,0.8290702761531001,0.1081931484208215,2017979.0,13.912110277702158,0.26374209919368463,0.5736499999999997
2017-01-17,16.11,16.6,15.895,16.56,101116,0,INSW,0.036278186730192515,56.47467015386819,1.111697353734133,0.876704673083406,0.12466203628090189,2119095.0,13.95073728085484,0.28381942383382336,0.5461499999999998
2017-01-18,16.6,17.34,16.47,17.04,156377,0,INSW,0.028573372444056163,60.22850359617312,1.1182347537638038,0.9423247313839784,0.15222567566517942,2275472.0,14.022424422695828,0.31233045575920537,0.5642857142857142
2017-01-19,17.1,17.35,16.96,17.07,144453,0,INSW,0.0017590154051796245,60.458042232237055,1.1244102133460931,0.985390876988312,0.1562334570156103,2419925.0,14.089482571717506,0.331957257639838,0.572142857142857
2017-01-20,17.08,17.3,16.641,17.17,92253,0,INSW,0.005841138103035098,61.26064323691247,1.1303984922053556,1.0158798414704737,0.14937793719821757,2512178.0,14.129592856217062,0.34263257285982335,0.6006428571428571
2017-01-23,17.16,17.3,17.03,17.09,106910,0,INSW,-0.004670177781884738,60.2077874958837,1.1358018661468026,1.0218084621733592,0.12424524632088241,2405268.0,14.176330515760714,0.33691742044272754,0.5956428571428571
2017-01-24,17.19,17.98,17.19,17.94,85602,0,INSW,0.04853935950315066,66.74707953097743,1.1427238150209,1.0826151198502831,0.14804152319824504,2490870.0,14.21963647509173,0.332885485516815,0.6013571428571429
2017-01-25,17.95,18.168,17.95,18.11,76350,0,INSW,0.009431415264671911,67.88384499255275,1.1495475168640321,1.1314794229321983,0.1575246610241281,2567220.0,14.261411306326732,0.3442233808791928,0.5733571428571428
2017-01-26,18.05,18.0899,17.8,17.98,138407,0,INSW,-0.007204242851847749,66.0250606755823,1.1556123113478036,1.1464986983048426,0.13803514911741788,2428813.0,14.33257860782977,0.3421766329976766,0.5690714285714285
2017-01-27,17.96,18.23,17.94,18.1,138886,0,INSW,0.0066519092283059186,66.92534657003515,1.1615082314287246,1.1547730741859201,0.1170476199987962,2567699.0,14.403817508257003,0.33491267689783016,0.5490714285714284
2017-01-30,17.98,18.23,17.745,17.78,228143,0,INSW,-0.01783770818602152,62.1925935662936,1.1662852694809223,1.1225689746718217,0.06787481638775827,2339556.0,14.50996802627642,0.3127360881330144,0.5058571428571427
2017-01-31,17.7,17.86,17.26,17.38,92411,0,INSW,-0.022754110248512645,56.78673355012488,1.1698399737995129,1.052636201836883,-0.0016463651577445226,2247145.0,14.546106348994389,0.28323140507679645,0.5115714285714282
2017-02-01,17.57,17.72,17.231,17.46,80799,0,INSW,0.004592430574210171,57.580883342699956,1.1732790181194723,0.9922314800791732,-0.04964086953236335,2327944.0,14.576685132584851,0.2562649057614031,0.48328571428571393
2017-02-02,17.5,17.5,17.07,17.09,99797,0,INSW,-0.02141905328395666,52.75226516869705,1.1756437669270081,0.9040826926042804,-0.11023172560580496,2228147.0,14.610390276606017,0.23152089837264325,0.49471428571428533
2017-02-03,17.21,17.44,17.05,17.4,70216,0,INSW,0.017976709092983753,56.07574892211499,1.1784479705836688,0.8494466603364401,-0.13189420629891624,2298363.0,14.634275960272161,0.2087617585271955,0.5004285714285712
2017-02-06,17.4,17.71,17.38,17.4,90334,0,INSW,0.0,56.07574892211499,1.1810033749863225,0.796960348327886,-0.1475044146459763,2298363.0,14.666649575125147,0.18846883523416422,0.4736428571428569
2017-02-07,17.49,17.63,17.11,17.28,151856,0,INSW,-0.006920442844573683,54.35912965974879,1.1830696055200414,0.7371837751208687,-0.16582479028239483,2146507.0,14.716528755176906,0.17686736576155987,0.4486428571428568
2017-02-08,17.19,17.7,16.82,17.58,352612,0,INSW,0.017212128881121207,57.8343503330142,1.185558295205029,0.7058809468233918,-0.15770209486389752,2499119.0,14.82657565810307,0.16289292165803443,0.4836428571428567
2017-02-09,17.66,17.8799,17.65,17.8,88556,0,INSW,0.012436565041008563,60.226084594140026,1.188272369153019,0.6908615691336486,-0.13817717804291263,2587675.0,14.857023399747705,0.1439350994483567,0.4579928571428566
2017-02-10,17.8,18.0,17.73,17.79,112399,0,INSW,-0.000561955620295767,60.0593227987463,1.1907151761561297,0.670423463318226,-0.12689222708666825,2475276.0,14.895594905696699,0.12214350057795607,0.4579928571428566
2017-02-13,17.86,18.0,17.75,17.97,116006,0,INSW,0.01006719911772394,62.093918012212185,1.1932953285200807,0.6611295232825753,-0.10894893369785519,2591282.0,14.935249938866049,0.0973382116220617,0.41227857142857083
2017-02-14,17.94,18.32,17.94,18.21,94533,0,INSW,0.013267192944049079,64.67758426193868,1.1961248471140176,0.6654590058952969,-0.08369556086810692,2685815.0,14.969455057301092,0.08936374196143049,0.4231357142857138
2017-02-15,18.33,18.36,18.12,18.25,96984,0,INSW,0.002194186288983961,65.10448854838197,1.1987734541666835,0.6644583554534655,-0.0677569690479507,2782799.0,15.004734201047707,0.09025311817009604,0.4181357142857137
2017-02-16,18.22,18.44,18.18,18.31,119263,0,INSW,0.0032822786579187755,65.77272231672211,1.2012906271550907,0.6608885198599666,-0.0570614437131598,2902062.0,15.047960726726355,0.09054617059595992,0.4159928571428568
2017-02-17,18.43,18.59,18.31,18.51,92214,0,INSW,0.010863767898986895,67.97423784447935,1.203966752092954,0.6665145629720719,-0.0411483204808436,2994276.0,15.082217823225703,0.09415828109613653,0.40134999999999976
2017-02-21,18.6,18.7,18.52,18.67,84557,0,INSW,0.008606830968225058,69.65575169378845,1.2067072758359083,0.6760903567154912,-0.02525802138993949,3078833.0,15.114488405485456,0.09676631526862413,0.37206428571428546
2017-02-22,18.71,18.77,18.52,18.77,110704,0,INSW,0.005341893044786105,70.69151159942066,1.209383772803603,0.6838652337883673,-0.013986515453650816,3189537.0,15.156527698440804,0.10692399035050047,0.35499285714285705
2017-02-23,18.78,19.03,18.71,18.87,87911,0,INSW,0.005313508782041424,71.73067267264321,1.2119971499153765,0.6901405336740822,-0.006168972454348665,3277448.0,15.190910600329815,0.11700270815789554,0.34713571428571427
2017-02-24,18.69,19.3,18.64,19.09,109296,0,INSW,0.011591278357197423,73.92136631534379,1.2147876873461119,0.704742087331848,0.006746064962733556,3386744.0,15.234372878190465,0.13015902007235078,0.3664214285714285
2017-02-27,19.09,19.35,19.0,19.06,816217,0,INSW,-0.001572739511600217,73.0895930173316,1.217244059633074,0.7057576397721839,0.0062092939224555055,2570527.0,15.540040427835475,0.1403127811023119,0.3678499999999999
2017-02-28,18.97,19.1,18.68,18.75,318486,0,INSW,-0.016398145809636146,64.95605081897773,1.2188317891366875,0.6737811336810253,-0.020613769734962428,2252041.0,15.638008843567002,0.14358882750354152,0.36070714285714295
2017-03-01,18.76,19.02,18.63,18.7,435084,0,INSW,-0.0026702285558789208,63.72430170206502,1.2201161961237452,0.6370612940519855,-0.045866887491201824,1816957.0,15.760481361610859,0.14128623352158703,0.32570714285714303
2017-03-02,18.7,18.9,18.66,18.8,157081,0,INSW,0.005333345975362603,65.14777030765113,1.2214088921467388,0.6090094391397542,-0.05913499392274657,1974038.0,15.802433727248854,0.13951670652993287,0.32142857142857145
2017-03-03,18.85,18.98,18.67,18.7,84055,0,INSW,-0.005333345975362617,62.506330028615665,1.2223171869355098,0.5721140036485224,-0.07682434353118284,1889983.0,15.824383921726012,0.12796736076495557,0.32428571428571423
2017-03-06,18.72,18.99,18.56,18.76,224158,0,INSW,0.003203419717537865,63.46353232322247,1.2231751899651064,0.5414738305012783,-0.08597161334274162,2114141.0,15.881113837913787,0.12066434379359746,0.3371428571428571
2017-03-07,18.93,18.99,18.05,18.45,280065,0,INSW,-0.016662573091542593,55.56984227201721,1.2232676492137284,0.48656801016652906,-0.11270194694199265,1834076.0,15.942571725960407,0.10978910447494676,0.37714285714285695
2017-03-08,18.49,18.67,18.28,18.28,78119,0,INSW,-0.009256804460532115,51.76722493232267,1.2229115710455245,0.4244444414123336,-0.13986041255695048,1755957.0,15.958638156279054,0.09340071814204377,0.38785714285714284
2017-03-09,18.38,18.49,18.13,18.3,84162,0,INSW,0.0010934938213712896,52.18179930119038,1.2225001853722726,0.37253059761446394,-0.1534194050838561,1840119.0,15.97499507932915,0.08223588355486558,0.39499999999999985
2017-03-10,18.46,18.545,18.36,18.48,116377,0,INSW,0.009788006366162724,55.85909555193759,1.2223442965596758,0.3419709695948825,-0.14718322648275006,1956496.0,15.998719978009136,0.07399078720102645,0.3924999999999998
2017-03-13,18.57,18.85,18.57,18.76,632386,0,INSW,0.015037877364540502,60.896648048191764,1.2226197233304648,0.3364673183590874,-0.12214950217483617,2588882.0,16.133177605538027,0.06400664698883078,0.4053571428571429
2017-03-14,18.65,18.88,18.53,18.57,285822,0,INSW,-0.010179568213464307,56.2089056297004,1.2224023029364564,0.31316426034404543,-0.11636204815190254,2303060.0,16.188241758513776,0.055881188619251475,0.4124999999999999
2017-03-15,18.58,18.87,18.56,18.87,323671,0,INSW,0.016025984015844395,61.277484938065705,1.2226543322920351,0.3152696791602452,-0.09140530346856224,2626731.0,16.250338618507357,0.053110891984415605,0.4117857142857143
2017-03-16,18.95,19.035,18.82,18.97,168945,0,INSW,0.005285424566463779,62.82219720617279,1.2229671926181653,0.32130361493749504,-0.06829709415304991,2795676.0,16.28375027602611,0.05115767540101059,0.38
2017-03-17,18.89,19.19,18.68,18.9,707336,0,INSW,-0.003696861881326203,60.988142981923176,1.2230152025977008,0.31678543225656597,-0.05825222146718323,2088340.0,16.414169274456917,0.04841745846733409,0.39142857142857146
2017-03-20,18.88,19.195,18.88,19.06,108318,0,INSW,0.008429976160459401,63.603692807759614,1.2232474327601972,0.32239898790818344,-0.04211093265245264,2196658.0,16.43392530526675,0.04991003163477259,0.38392857142857145
2017-03-21,19.1,19.75,19.05,19.69,195312,0,INSW,0.032518994424978284,71.6605120905595,1.2245339372398518,0.3733794205365655,0.007095599980743494,2391970.0,16.47484235342707,0.06701921964781989,0.40607142857142847
2017-03-22,19.61,19.87,19.48,19.85,104040,0,INSW,0.008093114482165318,73.27834536589766,1.2259283693073084,0.4218298515640839,0.04443682480660954,2496010.0,16.497867489602765,0.08356514683201532,0.41678571428571437
2017-03-23,19.83,19.95,19.48,19.84,92296,0,INSW,-0.0005039052764727677,72.99785589051578,1.2271058035339162,0.45418469237978343,0.061433332497847215,2403714.0,16.518168231605138,0.09574971686185997,0.42821428571428577
2017-03-24,19.85,19.96,19.75,19.85,57408,0,INSW,0.000503905276472671,73.10870629832709,1.228115485271381,0.4751557535045663,0.06592351489810405,2461122.0,16.531041287581992,0.1054533674730184,0.41250000000000014
2017-03-27,19.67,19.89,19.35,19.84,99066,0,INSW,-0.0005039052764727677,72.78691297544489,1.2289297003421042,0.485373470870087,0.06091298581089977,2362056.0,16.55196483966401,0.11355323299269074,0.3839285714285717
2017-03-28,19.83,20.45,19.69,20.41,212631,0,INSW,0.02832487496502676,78.5755587325565,1.230625510408424,0.5333175688531,0.08708566703513021,2574687.0,16.602813726371483,0.13096721591099936,0.4103571428571429
2017-03-29,19.01,19.525,18.27,19.13,483100,0,INSW,-0.06476719336959198,51.8848735532968,1.229758216615615,0.46269465338277627,0.013170201251845148,2091587.0,16.675956066956246,0.12967545973607383,0.5375000000000002
2017-03-30,19.02,19.23,18.895,19.21,138544,0,INSW,0.004173193328303902,52.96035029938816,1.228968204714959,0.4084722021922609,-0.032841799950936224,2230131.0,16.697304849044606,0.12894467560492792,0.5439285714285715
2017-03-31,19.18,19.21,18.89,19.12,144749,0,INSW,-0.004696069157210068,51.56397240129212,1.2279413504536105,0.35415578371317125,-0.06972657474402072,2085382.0,16.718865803073538,0.12731804036936642,0.540357142857143
2017-04-03,19.1,19.23,18.75,19.17,212907,0,INSW,0.0026116494342978726,52.31617594014873,1.2269466692423314,0.31155282583111443,-0.08986362610086207,2298289.0,16.74957013807507,0.12597326501083123,0.5496428571428574
2017-04-04,19.15,19.2,18.575,18.82,240646,0,INSW,-0.018426422900319667,46.83334612415217,1.2252572098958456,0.2467037525522251,-0.12377015950380116,2057643.0,16.780601573401334,0.12235020881086923,0.5721428571428573
2017-04-05,18.73,19.0,18.64,18.72,207275,0,INSW,-0.00532766310778765,45.370303112797316,1.2233667628180398,0.18510742730463647,-0.14829318780111184,1850368.0,16.80563173442031,0.11658192239870807,0.5825000000000001
2017-04-06,18.7,19.01,18.66,18.98,153529,0,INSW,0.013793322132335988,49.76441769849495,1.2219385245439305,0.1554794525117451,-0.1423369300752026,2003897.0,16.82465784486446,0.10872535153721967,0.5710714285714287
2017-04-07,19.02,19.02,18.77,18.86,100207,0,INSW,-0.0063425159764704045,47.85135413236992,1.220261329006419,0.12092215656276295,-0.14151538081934784,1903690.0,16.83688919428341,0.10413200399544427,0.5664285714285714
2017-04-10,18.77,19.35,18.77,19.17,102940,0,INSW,0.016303279852241715,52.88973665876795,1.2191242642559503,0.11719866649945487,-0.11619109670612474,2006630.0,16.850597874211605,0.10151696459763815,0.557857142857143
2017-04-11,19.17,19.355,19.12,19.2,122414,0,INSW,0.0015637219761825373,53.35936767898877,1.2179938248551814,0.11533896725897819,-0.09444063675728115,2129044.0,16.867604157151614,0.09581897770519236,0.5467857142857143
2017-04-12,19.13,19.13,18.77,18.8,72652,0,INSW,-0.021053409197832267,46.67784481026538,1.2160998823111773,0.08065870184539747,-0.1032967217366895,2056392.0,16.87620691543717,0.09657199881394206,0.5439285714285715
2017-04-13,18.68,18.82,18.45,18.63,72932,0,INSW,-0.009083685222406572,44.147693924690266,1.2138983844030788,0.039007112682671874,-0.11595864871953207,1983460.0,16.88364158234862,0.10034696498182767,0.555357142857143
2017-04-17,18.7,19.02,18.7,18.88,69687,0,INSW,0.0133299761038576,48.56324542773896,1.2121580974577706,0.02587259567275879,-0.10327453258355612,2053147.0,16.891626456854674,0.10052031376970555,0.5446428571428574
2017-04-18,18.8,19.115,18.71,19.0,367146,0,INSW,0.006335818449085924,50.58276563305343,1.2106220540234318,0.024859824845357537,-0.08342984272876591,2420293.0,16.934213005848807,0.10084714935157729,0.5192857142857145
2017-04-19,18.98,19.08,18.88,18.95,67521,0,INSW,-0.0026350476380051138,49.70704411020933,1.2089769538882051,0.019794436592032838,-0.0707961847856725,2352772.0,16.941960949380256,0.09969691920554795,0.38071428571428584
2017-04-20,18.95,19.57,18.85,18.99,255442,0,INSW,0.002108593295759097,50.446164860128974,1.2073897457893172,0.01879113312755365,-0.057439590600121354,2608214.0,16.973112192759192,0.09548694363137405,0.4082142857142857
2017-04-21,18.92,19.2,18.9,19.14,136276,0,INSW,0.007867861200613738,53.2224354425875,1.206052992657718,0.029756737158205482,-0.03717918925557562,2744490.0,16.988946219183934,0.08995961413761375,0.4067857142857143
2017-04-24,19.25,19.3,19.1,19.19,115266,0,INSW,0.0026089239948004815,54.14466246382495,1.2047761633022673,0.04199751824024389,-0.019950726538829767,2859756.0,17.002891393183003,0.08321386162862021,0.38678571428571423
2017-04-25,19.32,19.6,19.22,19.41,122699,0,INSW,0.011399087161310193,58.062448110486606,1.2038565700263502,0.06865912714223654,0.005368705890530304,2982455.0,17.01896839184463,0.07678697982317434,0.3714285714285714
2017-04-26,19.34,19.64,19.34,19.57,92739,0,INSW,0.008209384227066022,60.69274900890562,1.2031682820034388,0.10152894463363182,0.030590818705540465,3075194.0,17.031513770917133,0.0482371311319539,0.36714285714285716
2017-04-27,19.56,19.6,19.4996,19.54,46232,0,INSW,-0.0015341347933482505,59.933717973541334,1.2023643182004582,0.12373146324217643,0.04223466985126806,3028962.0,17.037795502373523,0.053379301224569554,0.3493142857142857
2017-04-28,19.6,19.6,19.31,19.33,109225,0,INSW,-0.010805353394397239,54.77015564782364,1.2011362072598188,0.12296441698685001,0.03317409887675331,2919737.0,17.05173105290354,0.054391065808386624,0.35217142857142875
2017-05-01,19.45,19.54,19.42,19.48,52052,0,INSW,0.007730004994149614,57.581354992140255,1.2001387795011362,0.13292796288952147,0.0345101158235398,2971789.0,17.058500635733004,0.057572737121552045,0.3257428571428572
2017-05-02,19.48,20.01,19.48,19.75,100572,0,INSW,0.013765193132741832,62.14251677400411,1.1995686573429678,0.16075777278033954,0.04987194057148629,3072361.0,17.072902802500032,0.06519538412285289,0.3468142857142859
2017-05-03,19.65,19.87,19.54,19.63,52824,0,INSW,-0.006094483058761233,59.100830392544886,1.1987221273660813,0.17115710790527672,0.048217020557138765,3019537.0,17.080218618489564,0.06742061978433428,0.33967142857142896
2017-05-04,19.63,19.98,19.63,19.82,148768,0,INSW,0.009632520613472284,62.25136252856652,1.198154136886958,0.19251092194441455,0.055656667677021265,3168305.0,17.1016225220015,0.07020299216453668,0.33824285714285757
2017-05-05,19.85,20.02,19.759,19.95,69407,0,INSW,0.006537614434030517,64.27889908561374,1.197744651769845,0.21741763183895912,0.06445070205725267,3237712.0,17.111857266159507,0.07676608053712021,0.3290285714285717
2017-05-08,19.87,20.05,19.73,19.79,54658,0,INSW,-0.008052383721398082,60.00691132293631,1.196983192019893,0.22169020931372785,0.05497862362561712,3183054.0,17.119713075894182,0.0775960204021482,0.32295714285714333
2017-05-09,19.81,20.03,19.67,19.87,111022,0,INSW,0.004034296949251128,61.38866637158281,1.1963044501123545,0.22889305252827796,0.04974517347213378,3294076.0,17.13553225954919,0.08125640131479202,0.3343857142857148
2017-05-10,20.5,21.845,20.5,21.11,255372,0,INSW,0.06053580529650361,75.51155850149605,1.197698392475571,0.3308452168413467,0.12135787022816202,3549448.0,17.188225305398163,0.11409092709574319,0.42402857142857187
2017-05-11,20.95,21.115,20.64,21.0,59791,0,INSW,-0.005224424136806186,72.96202114892371,1.19872518312221,0.3981770240172118,0.15095174192322167,3489657.0,17.199648746510444,0.12954464330684967,0.43652857142857165
2017-05-12,21.02,21.26,20.4,20.43,40456,0,INSW,-0.0275180288938923,61.394411163666945,1.1986210433928375,0.4009221490237458,0.12295749354380453,3449201.0,17.20688013217221,0.12690865926542744,0.4836714285714291
2017-05-15,20.55,20.67,19.96,19.96,64747,0,INSW,-0.023274137946212692,53.81771729726468,1.1976232320926627,0.3610110971169149,0.06643715330957889,3384454.0,17.216742146737978,0.12187034347950938,0.5051000000000005
2017-05-16,20.01,20.48,19.94,19.98,111366,0,INSW,0.0010015023370896004,54.07743042566498,1.1966169205419277,0.32722310947348276,0.026119332532917372,3495820.0,17.233196353100897,0.11749459582608325,0.5222428571428576
2017-05-17,19.93,20.5,19.47,20.39,108141,0,INSW,0.020312811365956383,59.14918030861133,1.1962646170843534,0.3297285538044257,0.022899821491088213,3603961.0,17.24892472321387,0.11411573808638555,0.5886428571428576
2017-05-18,20.39,20.845,20.39,20.64,117873,0,INSW,0.012186356026998258,61.91145500458836,1.1962574159939017,0.34787693835084355,0.03283856483000486,3721834.0,17.26885581281032,0.11231483797010025,0.6004285714285716
2017-05-19,20.54,21.0,20.54,20.92,88305,0,INSW,0.01347469858336019,64.78364520703397,1.196625145964691,0.38046753093449226,0.052343325930922835,3810139.0,17.284492388604626,0.11468046378915604,0.6182857142857144
2017-05-22,20.84,20.88,20.48,20.66,94937,0,INSW,-0.012506175505229776,60.24097891592478,1.1964370022934998,0.3809249179338252,0.04224057034420459,3715202.0,17.30045940112883,0.11154280291954381,0.611857142857143
2017-05-23,20.58,20.58,20.3,20.32,52513,0,INSW,-0.016593840981211357,54.82684537080619,1.1955914547247661,0.3498197377431751,0.008908312122843542,3662689.0,17.308516352818334,0.10749137244888213,0.614
2017-05-24,20.31,20.58,20.0,20.1,45141,0,INSW,-0.010885807645251057,51.59554314951348,1.1943277531533072,0.3039131750554205,-0.029598600451928858,3617548.0,17.315022383279068,0.10438321160950348,0.6304285714285712
2017-05-25,20.08,20.27,20.08,20.18,74120,0,INSW,0.003972199860432724,52.687516540196015,1.193171791716427,0.2708648632623891,-0.050117529795968174,3691668.0,17.32546000051047,0.10046854228055441,0.6253571428571428
2017-05-26,20.08,20.6399,20.08,20.56,93336,0,INSW,0.018655425661501305,57.58248824970421,1.19261835799433,0.2721989225326631,-0.039026776420555354,3785004.0,17.339638666502864,0.09359739259121469,0.6424928571428572
2017-05-30,20.44,20.44,19.96,19.97,119494,0,INSW,-0.02911629315924052,49.09023977201036,1.1910186978959008,0.2230766165759519,-0.07051926590181323,3665510.0,17.355837851530417,0.08777526858089464,0.6596357142857142
2017-05-31,20.0,20.0,19.69,19.78,178156,0,INSW,-0.009559821233157711,46.70160189188357,1.1890973608878137,0.16689160060900576,-0.10136342549500749,3487354.0,17.377062013261558,0.08742618201893826,0.5407071428571429
2017-06-01,19.7,20.02,19.575,19.8,87707,0,INSW,0.0010106115059234598,46.993977713231175,1.1872218403114012,0.1225655442177036,-0.11655158550904773,3575061.0,17.387271790798064,0.08519825672480123,0.5385642857142859
2017-06-02,19.82,19.94,19.69,19.85,95076,0,INSW,0.002522069432709939,47.76543165180724,1.1854403488702963,0.0904289981080737,-0.11895050529494211,3670137.0,17.398371483246663,0.08488281182672383,0.4949928571428571
2017-06-05,19.77,19.93,19.69,19.86,53162,0,INSW,0.0005036514838270853,47.928660986513535,1.183682401945792,0.06501798337137998,-0.11548921602530868,3723299.0,17.404533986714917,0.08567196221341628,0.46142142857142837
2017-06-06,19.79,19.99,19.35,19.87,105480,0,INSW,0.000503397946698961,48.103309361159,1.1819476279408854,0.04516584380990807,-0.10827308446942449,3828779.0,17.41621811862631,0.08482635147717744,0.4685642857142854
2017-06-07,19.92,20.09,19.6978,20.0,92995,0,INSW,0.006521216990265552,50.43089114445113,1.1804338220349273,0.039467833112915685,-0.0911768761331335,3921774.0,17.42726957401834,0.08375337033615765,0.42300714285714236
2017-06-08,19.88,20.15,19.73,20.03,83797,0,INSW,0.0014988761237359487,50.977309168639735,1.1789646558998645,0.036946966235067435,-0.0749581944087854,4005571.0,17.437305795230266,0.07478084401317216,0.42050714285714236
2017-06-09,19.99,20.05,19.73,19.83,146375,0,INSW,-0.010035207146022459,47.2387382877989,1.1771597277639512,0.01859646408022897,-0.0746469572508991,3859196.0,17.453963373266674,0.06717732654757164,0.41050714285714235
2017-06-12,19.88,20.25,19.87,19.95,132576,0,INSW,0.006033200804167913,49.62584807203667,1.1755646835201463,0.013580014083359515,-0.06373072579821484,3991772.0,17.469800043137795,0.06657933300156943,0.4090785714285709
2017-06-13,20.43,20.89,20.0,20.56,215771,0,INSW,0.030118297251091927,59.625735600858654,1.1749731766600708,0.05815595765751169,-0.015323825779250136,4207543.0,17.499730025712303,0.06855125047265953,0.4505071428571425
2017-06-14,20.45,20.7,20.05,20.13,362735,0,INSW,-0.02113620093526428,51.81696532682778,1.1736251143944367,0.05811538971523689,-0.012291514977219961,3844808.0,17.54560757843806,0.06801982136159927,0.4555071428571425
2017-06-15,19.99,20.25,19.255,19.6,440681,0,INSW,-0.026681673415228393,44.14325580481503,1.1713994076019816,0.015142119792198372,-0.04421182792020678,3404127.0,17.5877822403598,0.07179559628843561,0.5130071428571424
2017-06-16,19.43,20.07,19.43,19.89,365738,0,INSW,0.014687526629409297,48.62637611843998,1.1696857817895674,0.004434946834919629,-0.04393520070198842,3769865.0,17.623069327047055,0.06851560446424387,0.5187285714285709
2017-06-19,19.94,20.55,19.785,20.45,223022,0,INSW,0.027765789622929825,55.97460608660731,1.1688980206069841,0.04066796008109819,-0.00616174996464789,3992887.0,17.6485249305618,0.05931997412310412,0.5305142857142854
2017-06-20,20.31,20.905,20.31,20.58,161833,0,INSW,0.006336847917092836,57.49454865529642,1.1682840442512088,0.07896256635567411,0.025706285047942423,4154720.0,17.66903153596817,0.05775266386019484,0.5508714285714286
2017-06-21,20.58,20.87,20.2,20.42,145305,0,INSW,-0.0078049176693838675,54.978726610330654,1.1673627061862948,0.09530207193996176,0.03363663250578405,4009415.0,17.68657173157426,0.058821549726643746,0.5669428571428572
2017-06-22,20.45,20.65,20.31,20.45,79883,0,INSW,0.0014680697522911604,55.373035485423166,1.1664601492769284,0.10941077777448882,0.038196270672248886,4089298.0,17.696031627886452,0.061154727372971125,0.5733714285714286
2017-06-23,20.51,20.95,20.37,20.89,1557972,0,INSW,0.021287693079663633,60.79631264646289,1.166240123650696,0.1543174757613741,0.06648237492730734,5647270.0,17.885049489872777,0.07066998240087162,0.5976571428571429
2017-06-26,20.87,21.51,20.67,21.16,210332,0,INSW,0.012842031421624114,63.71064745382936,1.166388846172371,0.20928064397604018,0.09715643451357872,5857602.0,17.911916937975857,0.0823071414370672,0.6119428571428573
2017-06-27,21.27,21.5,21.07,21.24,145324,0,INSW,0.0037735893836392666,64.55150274545255,1.166578388060435,0.2563397570333876,0.11537243805674091,6002926.0,17.931116352394213,0.094491315056502,0.6146428571428574
2017-06-28,21.29,21.48,21.19,21.28,116459,0,INSW,0.0018814680997055703,64.98832982993704,1.166741723392721,0.29347906490414744,0.12200939674200056,6119385.0,17.94655738167331,0.10272785924258027,0.6053571428571433
2017-06-29,21.35,21.64,21.0,21.62,142404,0,INSW,0.015851147737618563,68.53736593149593,1.167361210195575,0.34635482959031094,0.13990812914253126,6261789.0,17.965821135878322,0.11492282434970294,0.6282142857142861
2017-06-30,21.75,21.95,21.57,21.67,162804,0,INSW,0.00231000333720546,69.03447513633753,1.167945605070359,0.38782325115821337,0.14510124056834695,6424593.0,17.9895375476321,0.1245559595287058,0.6253571428571431
2017-07-03,21.69,21.98,21.69,21.89,113274,0,INSW,0.01010109598650392,71.19131323874697,1.1687673780127104,0.43344297459564984,0.1525767712046267,6537867.0,18.006401462099543,0.13487063608210442,0.5803571428571429
2017-07-05,21.85,22.11,21.79,22.1,194157,0,INSW,0.009547696988935633,73.11622427467229,1.169795650469453,0.48099753883186835,0.16010506835267613,6732024.0,18.036056229890036,0.14525533212994654,0.5567857142857144
2017-07-06,22.08,22.08,21.71,21.78,107637,0,INSW,-0.01458549101889278,65.89133981377898,1.170177107058457,0.4872468693436396,0.13308351909155786,6624387.0,18.051719674146486,0.14838990619170236,0.5135714285714287
2017-07-07,21.86,21.86,21.37,21.6,159663,0,INSW,-0.008298802814695066,62.169952314641506,1.170170579223823,0.47223142322786416,0.09445445838062594,6464724.0,18.073227885045178,0.14782619952893028,0.5028571428571428
2017-07-10,21.71,21.75,21.43,21.51,151425,0,INSW,-0.0041753714104806215,60.33509931743568,1.1699403389179472,0.4479061429579225,0.056103342488547425,6313299.0,18.093121486455136,0.14218234908243907,0.4710714285714285
2017-07-11,21.52,22.02,21.37,21.98,159354,0,INSW,0.02161500569583666,65.98154727628338,1.170380662023516,0.461236408923547,0.05554688676333752,6472653.0,18.115164862561578,0.14083306999458287,0.47499999999999964
2017-07-12,22.16,22.575,22.15,22.35,162242,0,INSW,0.016693372084102483,69.64497857733232,1.1712947323222234,0.49593976363822634,0.07220019318241344,6634895.0,18.140768696442592,0.1488839635310887,0.4696428571428566
2017-07-13,22.3,22.54,22.25,22.33,122436,0,INSW,-0.0008952552075114997,69.21110596233254,1.1720434198406724,0.5158818248689485,0.07371380353050849,6512459.0,18.159954987380335,0.14936915367186168,0.46607142857142797
2017-07-14,22.4,22.4,22.08,22.1,67284,0,INSW,-0.01035345732835919,64.25371472559988,1.172308176067356,0.5072793734130343,0.05208908165967541,6445175.0,18.16997754439406,0.13372089931128742,0.4474999999999995
2017-07-17,22.02,22.485,21.89,22.19,208383,0,INSW,0.004064128420795405,65.30106724015826,1.1726148629669446,0.5019380866779066,0.03739823593963815,6653558.0,18.200666276600955,0.12034543341499179,0.42999999999999944
2017-07-18,22.13,22.43,21.935,22.2,236200,0,INSW,0.0004505519337311754,65.42229450530922,1.1728364359147148,0.4928309465101819,0.022632876617530717,6889758.0,18.23488972099144,0.11449679393962914,0.4346428571428567
2017-07-19,22.29,22.795,22.29,22.51,335287,0,INSW,0.013867366040407302,69.03402492840105,1.1734417620845259,0.5048087603786584,0.027688552388805743,7225045.0,18.28660579754981,0.11183208937688216,0.45642857142857124
2017-07-20,22.39,22.93,22.39,22.65,114307,0,INSW,0.006200197010402087,70.53106892706502,1.1741451530349551,0.5196083722655978,0.03399053142059605,7339352.0,18.304464419395106,0.10449499476563913,0.44928571428571396
2017-07-21,22.95,23.43,22.68,22.73,383425,0,INSW,0.003525785935408873,71.38245932569903,1.1748476901447085,0.5316638132338198,0.0368367779110545,7722777.0,18.367238349545755,0.09416072125272917,0.4778571428571427
2017-07-24,22.78,22.96,22.44,22.63,193900,0,INSW,-0.004409178219005883,68.7101900915209,1.1752725528375112,0.5270729044398763,0.025796695293688776,7528877.0,18.396507663831027,0.08803092205740823,0.49285714285714277
2017-07-25,22.8,23.05,22.69,23.02,322219,0,INSW,0.017086943648290533,72.96148160506294,1.1761850142654124,0.5485806208612622,0.0378435293720597,7851096.0,18.446993063073435,0.090102306617853,0.5
2017-07-26,23.06,23.14,22.89,22.9,141049,0,INSW,-0.005226492733542695,69.81816786068926,1.176777480380526,0.5496071152556645,0.031096019013169607,7710047.0,18.469015284391887,0.08847009129542095,0.48999999999999994
2017-07-27,22.89,23.13,22.77,22.96,161219,0,INSW,0.0026166608911719104,70.5024492550483,1.1773419140200578,0.5489343445930999,0.024338598680483936,7871266.0,18.49379692981943,0.08569983812188306,0.48071428571428576
2017-07-28,22.87,23.345,22.49,22.49,158486,0,INSW,-0.02068280548014144,59.18317279732744,1.1770757040275983,0.5046587055316216,-0.015949632304795514,7712780.0,18.516929360795892,0.08195918859454464,0.5189285714285715
2017-07-31,22.49,23.03,22.43,22.81,148158,0,INSW,0.014128270325072459,63.48207316894189,1.1772223482666757,0.4897457836967689,-0.024690043311718646,7860938.0,18.538237250294884,0.08013353359018825,0.5153571428571431
2017-08-01,22.92,22.95,22.74,22.82,112960,0,INSW,0.00043830813763297955,63.61105315601723,1.177289678535057,0.4732784428438599,-0.0329259073317022,7973898.0,18.554645033960753,0.07987415179947754,0.48785714285714327
2017-08-02,22.84,22.88,22.3,22.48,145209,0,INSW,-0.0150113194084392,56.32665350403456,1.176755194790201,0.4278606864167216,-0.06267493100707244,7828689.0,18.574170467585372,0.07898320212334095,0.5085714285714289
2017-08-03,22.56,22.8,22.3,22.42,187625,0,INSW,-0.002672607381476437,55.1269277399859,1.1760742943642832,0.38261474407162055,-0.08633669868173882,7641064.0,18.59882615622451,0.0744277821754683,0.5214285714285717
2017-08-04,22.36,22.58,22.34,22.45,119702,0,INSW,0.0013371965442493393,55.635738144569146,1.175390557786824,0.34519852435313325,-0.09900233472018094,7760766.0,18.614196022366375,0.06556946600412131,0.49607142857142883
2017-08-07,22.38,22.58,22.14,22.21,128573,0,INSW,-0.0107479762819271,50.68443560414107,1.1743002899134691,0.29280463683177516,-0.12111697779323127,7632193.0,18.629944138101862,0.0530193812469975,0.49214285714285716
2017-08-08,22.25,22.43,21.955,22.02,272872,0,INSW,-0.008591506611802201,47.110013165592264,1.1729015347726008,0.23326179462180008,-0.14452785600256512,7359321.0,18.66135746903191,0.05236828241593815,0.48357142857142854
2017-08-09,21.0,22.765,20.45,21.49,283739,0,INSW,-0.024363420640114892,38.874306504896516,1.1707043443441065,0.141673963321999,-0.18889254984189296,7075582.0,18.688198054954334,0.06628559271069773,0.6103571428571429
2017-08-10,21.46,21.705,21.17,21.34,156470,0,INSW,-0.007004464780811691,36.907754911858106,1.1683198883220074,0.0563367853711938,-0.21938378223415855,6919112.0,18.70196111196226,0.08024305847751773,0.5928571428571426
2017-08-11,21.18,21.67,20.6,20.99,321302,0,INSW,-0.01653711204106573,32.74526947016432,1.1654608975091025,-0.03908506955175639,-0.251844509725687,6597810.0,18.726512701277038,0.09818930578548428,0.632142857142857
2017-08-14,21.03,21.27,20.6,20.67,110494,0,INSW,-0.015362760138864626,29.47247776590332,1.162198128911429,-0.13892743372726812,-0.28134949912095897,6487316.0,18.733992718389242,0.11971463524447598,0.6499999999999996
2017-08-15,20.6,20.6,19.38,19.38,161326,0,INSW,-0.0644417672310568,20.55400242678138,1.157105025916207,-0.31847427251176086,-0.3687170703243614,6325990.0,18.73938736970542,0.16837447486176607,0.7242857142857141
2017-08-16,19.37,19.8,19.31,19.51,136649,0,INSW,0.0066855481723998205,23.08010496559386,1.1523951585206387,-0.4451451658897909,-0.3963103709619132,6462639.0,18.74284766306903,0.19960368511524879,0.7335714285714285
2017-08-17,19.38,19.41,18.54,18.55,183262,0,INSW,-0.050457365581575785,18.421837133309353,1.1464187420565704,-0.615897060520556,-0.4536498124741426,6279377.0,18.743369129298582,0.24379680107578525,0.7417857142857144
2017-08-18,18.38,18.87,18.33,18.75,141581,0,INSW,0.010723963362975642,21.955868295582732,1.1409771007593874,-0.726703849071491,-0.4515652808200621,6420958.0,18.74295526977829,0.272489764431793,0.7375000000000002
2017-08-21,18.78,18.78,17.98,18.18,105918,0,INSW,-0.03087166366708703,19.37918257045925,1.1348885605890318,-0.8507068446704125,-0.4604546211351868,6315040.0,18.741535352160444,0.30577293848488835,0.7796428571428573
2017-08-22,18.3,18.4199,18.11,18.24,84782,0,INSW,0.0032948958968524846,20.43765484909224,1.1291336221400072,-0.9333791991177698,-0.43450158046603526,6399822.0,18.740255920300772,0.32687165483990904,0.7603500000000002
2017-08-23,18.15,18.54,18.06,18.4,165049,0,INSW,0.008733679968754631,23.328466884745865,1.123849910701425,-0.9747506540367183,-0.38069842830798706,6564871.0,18.738176419291342,0.3399714252507339,0.7589214285714289
2017-08-24,18.41,19.17,18.3,18.77,391798,0,INSW,0.019909185983477483,29.690456843328448,1.119335455870026,-0.9665402480155336,-0.2979904178294418,6956669.0,18.738278180035167,0.34192834866640737,0.803921428571429
2017-08-25,18.81,19.09,18.5,18.81,109124,0,INSW,0.002128792714521534,30.36318665188341,1.115055754549562,-0.945902006853462,-0.22188174133389615,7065793.0,18.738483536958,0.34406547068691645,0.8146357142857149
2017-08-28,18.83,18.985,18.14,18.25,260588,0,INSW,-0.030223563284438464,26.535268824416534,1.1100900698536087,-0.9636252993121985,-0.19168402703410614,6805205.0,18.736275233347886,0.3444420188640516,0.8410642857142862
2017-08-29,18.29,18.93,18.12,18.87,189978,0,INSW,0.03340827935195833,36.1351431181609,1.1062659719406884,-0.9170708954059421,-0.11610369850227975,6995183.0,18.735725131995743,0.3318886448507982,0.733564285714286
2017-08-30,18.81,18.885,18.26,18.32,160406,0,INSW,-0.029580000134474704,32.12478984804912,1.1017498887503194,-0.9140203408308842,-0.09044251514177748,6834777.0,18.734537339585724,0.32420769914664216,0.7399928571428577
2017-08-31,18.44,18.55,18.21,18.44,142164,0,INSW,0.006528858882463631,33.84978296039196,1.0975968983499604,-0.8916414694022095,-0.054450914970482045,6976941.0,18.733119834046825,0.30987961014778065,0.6878500000000004
2017-09-01,18.38,18.52,18.26,18.42,75534,0,INSW,-0.0010851873012869635,33.696077618605,1.0935775968516452,-0.865542450825302,-0.02268151711485966,6901407.0,18.73237156655276,0.2876671810939333,0.6585642857142862
2017-09-05,18.45,18.55,18.07,18.42,340089,0,INSW,0.0,33.696077618605,1.089717554722095,-0.8352307701644754,0.006104130836773525,6901407.0,18.728509751959162,0.2616242968930885,0.6007071428571431
2017-09-06,18.43,18.745,18.17,18.23,189558,0,INSW,-0.010368442136589233,32.090601315943516,1.0857193789326856,-0.817120698191868,0.01937136224750491,6711849.0,18.72658487965636,0.2314392226001672,0.6067785714285715
2017-09-07,18.26,18.53,17.97,18.13,150163,0,INSW,-0.00550056392381208,31.24676030562871,1.0817285614002572,-0.8015971865530247,0.027915899109078546,6561686.0,18.724323745779973,0.2049596099329111,0.5774928571428573
2017-09-08,18.1,18.2,17.83,17.99,229917,0,INSW,-0.007751976804317936,30.055202408765723,1.0776842892276395,-0.7914679716046109,0.03043609124599389,6331769.0,18.719546156035,0.17233784927744228,0.5653499999999999
2017-09-11,18.1,18.32,17.98,18.1,149470,0,INSW,0.006095890309338527,32.24156824231946,1.0739750008717561,-0.7657374701879931,0.04493327413008941,6481239.0,18.71702003225122,0.13496045820613295,0.532492857142857
2017-09-12,18.2,18.585,18.09,18.4,135736,0,INSW,0.01643872634315972,37.939243976299856,1.070879391489072,-0.712920268563142,0.07820038060395251,6616975.0,18.71562186411171,0.08723212998276521,0.5457142857142857
2017-09-13,18.41,18.41,18.13,18.2,150746,0,INSW,-0.010929070532190206,35.77921951123923,1.067598187310075,-0.6793692385885386,0.08940112846284476,6466229.0,18.71360047371287,0.0764157575607378,0.5314285714285715
2017-09-14,18.2,18.415,18.16,18.3,158722,0,INSW,0.0054794657646255705,37.68945212398672,1.0646045798940826,-0.6373635115305021,0.1051254844167051,6624951.0,18.71169418830715,0.054289114895503046,0.48749999999999993
2017-09-15,18.36,18.41,18.17,18.29,307729,0,INSW,-0.0005465974446009949,37.56910762621544,1.0617159267363703,-0.5979873605701549,0.11560130830164184,6317222.0,18.70803247015088,0.05387206336578905,0.46249999999999986
2017-09-18,18.29,18.64,18.2,18.6,166342,0,INSW,0.016807118316381407,43.583089206791094,1.059423802265806,-0.5355930843411656,0.14239646762450497,6483564.0,18.70696714107993,0.05174453744087065,0.4335714285714286
2017-09-19,18.56,19.15,18.52,18.83,252083,0,INSW,0.012289761949905338,47.615081118482834,1.0575767354393448,-0.4622574766478955,0.17258566025422006,6735647.0,18.707855514766212,0.05530345577229953,0.42071428571428576
2017-09-20,18.8,20.315,18.8,19.64,272359,0,INSW,0.042116960257258994,58.78616361881295,1.0570523588534317,-0.33491752786658324,0.23994048722842587,7008006.0,18.714467742876515,0.08075979173269242,0.4842857142857144
2017-09-21,19.56,19.9,19.25,19.27,141378,0,INSW,-0.01901882050004486,53.204789883027914,1.0559577457241742,-0.26084870727875753,0.2512074462530013,6866628.0,18.71742565691608,0.08920043065682068,0.5064285714285715
2017-09-22,19.22,19.99,19.22,19.92,156122,0,INSW,0.03317476973017725,60.33037311008863,1.0559008061915993,-0.14799309334494737,0.29125044814944917,7022750.0,18.721679688219922,0.11141220916367763,0.5428571428571429
2017-09-25,19.95,20.785,19.95,20.25,213960,0,INSW,0.016430541396095955,63.37919574396428,1.0563335070059807,-0.03156213549543807,0.3261451247991668,7236710.0,18.73106146213612,0.13694450151449633,0.5703571428571428
2017-09-26,20.22,20.39,19.8,19.85,136872,0,INSW,-0.019950786419348682,57.600485447676135,1.0561026191778362,0.028109550973496766,0.30865344901448133,7099838.0,18.735833518551413,0.14632522276440443,0.5714285714285714
2017-09-27,19.86,20.23,19.59,20.1,117094,0,INSW,0.012515807931830597,60.052050339626646,1.0562458451851775,0.09448355546085807,0.3000219628014741,7216932.0,18.739760963587045,0.15987811840211738,0.5771428571428571
2017-09-28,20.08,20.08,19.58,19.68,98802,0,INSW,-0.021116923440922808,54.36489574684751,1.055710304099624,0.11190497144997735,0.2539547030324747,7118130.0,18.742539190838734,0.1629213619729121,0.5878571428571429
2017-09-29,19.82,19.94,19.52,19.7,332273,0,INSW,0.0010157441198354218,54.58545614591331,1.0552093390732018,0.12587440025683705,0.21433930547146754,7450403.0,18.751240406895334,0.16573173898794474,0.5935714285714287
2017-10-02,19.82,20.1399,19.57,19.91,110830,0,INSW,0.010603482332162056,56.93881651717825,1.0550342849622771,0.15213678008834464,0.1924813482423801,7561233.0,18.754562189420295,0.16948559774766536,0.5989214285714287
2017-10-03,19.9,20.32,19.83,20.16,108468,0,INSW,0.012478325127063003,59.62138197337016,1.0552300948601872,0.1909219861661562,0.18501324345615333,7669701.0,18.758458749333748,0.17471484468454387,0.6139214285714287
2017-10-04,20.24,20.65,19.72,19.9,185064,0,INSW,-0.012980711472721222,55.73278332162302,1.0549926855226908,0.19839276601439693,0.15398721864351525,7484637.0,18.764989793615907,0.17275476618984983,0.6621357142857145
2017-10-05,19.94,20.32,19.88,20.3,108498,0,INSW,0.01990115431729502,60.049778836916566,1.0553594052020623,0.23389388679561662,0.15159067153978795,7593135.0,18.769008891983166,0.17177488049756326,0.6764214285714291
2017-10-06,20.17,20.41,20.12,20.19,53883,0,INSW,-0.0054334537229955475,58.36414633736571,1.0555152067241957,0.2502677690396453,0.1343716430270533,7539252.0,18.771100608442183,0.16388732873071188,0.6657071428571432
2017-10-09,20.31,20.68,20.21,20.36,157228,0,INSW,0.008384759357575836,60.22250621313446,1.0559006931535284,0.27380550847254526,0.12632750596796258,7696480.0,18.777900280007955,0.1564765013753371,0.6557071428571432
2017-10-10,20.53,20.65,20.12,20.26,76031,0,INSW,-0.004923692861784612,58.56655407460317,1.0560896993093571,0.2811492586439357,0.10693700491148242,7620449.0,18.78102205068458,0.1501536031366084,0.58535
2017-10-11,20.36,20.63,20.24,20.41,62664,0,INSW,0.007376478001215988,60.32869790172806,1.0564752921878582,0.29566474087344474,0.09716198971279316,7683113.0,18.78372238008417,0.13810287887847683,0.5667785714285716
2017-10-12,20.41,20.58,20.15,20.34,99646,0,INSW,-0.003435586201339515,59.06622809222472,1.0567103347726545,0.298083825345298,0.07966485934771711,7583467.0,18.787815967449298,0.12301811792328363,0.5424928571428573
2017-10-13,20.47,20.6,20.28,20.38,203802,0,INSW,0.001964637174164816,59.58666533975439,1.0569707103098662,0.2997730359674584,0.065083255975902,7787269.0,18.796457741206495,0.10196186222605783,0.503564285714286
2017-10-16,20.53,21.02,20.38,20.48,117963,0,INSW,0.0048947723767284275,60.924242081579095,1.0573465741747365,0.3056574826262164,0.05677416210772798,7905232.0,18.802049428910685,0.08400035046472452,0.5071357142857147
2017-10-17,20.53,20.925,20.4,20.6,118955,0,INSW,0.005842275624228361,62.52703709950496,1.0578621580389422,0.31635717749987435,0.05397908558510872,8024187.0,18.80769971758154,0.06772609455974687,0.49892142857142907
2017-10-18,20.6,20.6,19.82,20.26,747119,0,INSW,-0.016642576974998043,55.57186472805787,1.0578087860297312,0.2940124122014609,0.025307456229356207,7277068.0,18.83455467209459,0.06468640908081756,0.5174928571428575
2017-10-19,20.07,20.385,19.84,20.21,129630,0,INSW,-0.0024709674050077146,54.60983893913977,1.0576576716166446,0.26916665691408426,0.0003693607535836252,7147438.0,18.838843740937257,0.05107963844608391,0.5264214285714289
2017-10-20,20.38,20.53,20.04,20.16,133716,0,INSW,-0.0024770882123617607,53.61037919416078,1.0574139011590415,0.2426445790460363,-0.020922173691571455,7013722.0,18.843569555938803,0.04977871394575125,0.5207142857142861
2017-10-23,20.18,20.24,19.83,19.85,79131,0,INSW,-0.015496436069968391,47.77257606948502,1.056686686009291,0.19437064819162586,-0.05535688363678554,6934591.0,18.84581470507404,0.05170645199534981,0.5150000000000003
2017-10-24,19.84,20.1,19.73,19.76,86120,0,INSW,-0.004544314813477627,46.199662470538215,1.0558354583471485,0.147154655092681,-0.08205830138858433,6848471.0,18.84801063769126,0.052958184109621415,0.4750000000000004
2017-10-25,19.75,19.96,19.4225,19.84,125338,0,INSW,0.004040409537004906,47.843529048264216,1.0551254113838713,0.11486685816225162,-0.09147687865521098,6973809.0,18.850806132304708,0.05473648961675197,0.4819642857142861
2017-10-26,19.89,20.17,19.8177,19.84,111515,0,INSW,0.0,47.843529048264216,1.0544280903791299,0.08826112714083578,-0.09446608774130147,6973809.0,18.853839067973915,0.05234876096379036,0.4864142857142864
2017-10-27,19.74,20.19,19.72,20.09,138783,0,INSW,0.012522076970116397,53.04345423658651,1.0541232059553622,0.08635337631618611,-0.07709907085276091,7112592.0,18.857788053013167,0.04811135516646615,0.4849857142857153
2017-10-30,19.725,20.21,19.725,20.01,186924,0,INSW,-0.003990030231200892,51.28154057689225,1.0536895786022682,0.07749284930181588,-0.06876767829370492,6925668.0,18.862979368101858,0.04719802070936213,0.4817714285714297
2017-10-31,20.12,20.27,19.94,20.14,148846,0,INSW,0.006475738694774124,53.957909086817104,1.053452843642903,0.08003810193384453,-0.05297794052934102,7074514.0,18.867573726156976,0.047217462496338077,0.47748571428571523
2017-11-01,20.34,20.6,19.99,20.24,166109,0,INSW,0.0049529571288483955,55.962017055035595,1.053357517160725,0.08909733858931901,-0.03513496309909324,7240623.0,18.873313023618632,0.04554847310315388,0.49034285714285836
2017-11-02,20.2,20.44,20.1,20.31,184532,0,INSW,0.003452531173028446,57.361135339926605,1.0533508777514724,0.1007637224237854,-0.018774863411701495,7425155.0,18.879664319324288,0.04560119150647853,0.49177142857142975
2017-11-03,20.41,21.0,20.24,20.72,195040,0,INSW,0.019986041798989,64.47945018447618,1.0539434282398723,0.1414622998163324,0.0175389711846764,7620195.0,18.88806856651581,0.051299986787798506,0.5003428571428584
2017-11-06,20.69,20.73,20.35,20.46,139568,0,INSW,-0.012627656867801805,57.880456904022495,1.054089626011274,0.15099580290375414,0.021657979417678497,7480627.0,18.893560717375678,0.05206270596034404,0.4899857142857153
2017-11-07,20.45,20.55,19.73,20.19,157314,0,INSW,-0.013284328198734282,51.93615013940103,1.053797395450313,0.1352058602753381,0.004694429431409963,7323313.0,18.898353509510716,0.05204747394494376,0.4928428571428581
2017-11-08,20.88,20.93,20.88,20.88,157927,0,INSW,0.03360433068969172,62.527511921887346,1.0545402516424947,0.17633675012173455,0.03666025542224513,7481240.0,18.905936668919605,0.05926179313518376,0.5067714285714293
2017-11-09,19.0,20.11,18.73,19.3,320425,0,INSW,-0.07868666710359808,40.51262982062118,1.052836100563653,0.0805123846153819,-0.04733128806728601,7160815.0,18.909558782051935,0.072215904555008,0.6253428571428576
2017-11-10,19.12,19.23,18.64,18.98,294688,0,INSW,-0.016719302729058052,37.623407771024155,1.0507107020952988,-0.021008270805438656,-0.11908155479048527,6866127.0,18.90984097416696,0.08942028897040527,0.6432000000000004
